구별,인구수,한국인,외국인,고령자,외국인 비율,고령자 비율,소계,최근 증가율,CCTV비율,오차
강남구,557865,552976,4889,65859,0.8763769012216217,11.805544352128203,3238,150.61919504643964,0.5804271642780959,1553.2964124845882
양천구,473087,469221,3866,56070,0.8171858453096364,11.85194266593671,2482,34.67173087357569,0.5246392312619033,890.9187609864459
강서구,608361,601696,6665,77381,1.0955666125869343,12.719585903764376,911,134.7938144329897,0.14974661426357047,829.4675134154072
용산구,245411,229909,15502,37238,6.3167502679179,15.173728968954125,2096,53.216374269005854,0.8540774455912734,756.3467472270859
서초구,445164,440954,4210,54055,0.9457188811314484,12.142715942888463,2297,63.37126600284495,0.5159896128168495,736.7547896403112
송파구,671994,665282,6712,77978,0.9988184418313258,11.603972654517747,1081,104.34782608695652,0.16086453152855532,729.7389388113675
도봉구,345041,342861,2180,54293,0.6318089734263465,15.73523146524616,825,246.6386554621849,0.23910201975997056,624.6770157920946
중랑구,411552,406868,4684,59992,1.138130782987326,14.577015784153645,916,79.96070726915521,0.2225721172537128,607.1266845883279
광진구,371671,357149,14522,44470,3.90721901897108,11.964882920647565,878,53.22862129144852,0.23623042960037235,601.0851539954549
강북구,327511,323862,3649,57002,1.1141610510792004,17.404606257499747,831,125.20325203252033,0.253731935721243,599.3182226000217
강동구,438225,434027,4198,56983,0.9579553882138172,13.003137657595984,1010,166.49076517150397,0.23047521250499173,542.5823087076756
마포구,385624,374742,10882,50122,2.8219197975229755,12.997635001970831,980,212.1019108280255,0.2541335601518578,514.4937815715527
은평구,490253,485902,4351,75535,0.8875009433904535,15.407350898413677,2108,85.23725834797891,0.4299820704819757,497.96194159482457
관악구,522292,504445,17847,70807,3.417054061712605,13.556975791319797,2109,149.29078014184398,0.403797109662794,463.5805168897002
동대문구,364962,349308,15654,56284,4.289213671560327,15.4218795381437,1870,74.76635514018692,0.5123821110142973,398.3237532222074
종로구,164348,154549,9799,26429,5.962348187991336,16.081120549078783,1619,248.92241379310343,0.9851047776669019,368.86653345235777
구로구,440396,408369,32027,59838,7.272318549668934,13.587316869363027,1884,64.97373029772329,0.4277968010608634,329.0202046967745
영등포구,403988,369128,34860,54704,8.628969177302297,13.540996267215858,1277,157.97979797979798,0.31609849797518735,237.77358066905572
동작구,406715,394353,12362,57711,3.039474816517709,14.189543046113371,1302,139.33823529411765,0.3201258866774031,215.78507120155905
중구,135139,126082,9057,21655,6.701988323133959,16.02424170668719,1023,147.6997578692494,0.7569983498471944,194.8772777086656
서대문구,324871,312311,12560,49645,3.866149948748888,15.281450175608164,1254,48.5781990521327,0.38599936590215805,173.4028082231207
노원구,555803,551902,3901,75081,0.7018673882652666,13.508563285912452,1566,188.929889298893,0.28175450654278583,116.4264721952718
성동구,314551,306532,8019,41752,2.5493481184291262,13.273523212452035,1327,81.78082191780823,0.42187117510356037,89.00618838614446
성북구,453902,442226,11676,66896,2.5723614348471697,14.73798308886059,1651,63.62735381565907,0.36373490312886925,81.10520978222007
금천구,253344,234238,19106,34640,7.541524567386635,13.673108500694708,1348,100.0,0.5320828596690665,0.41385211077567874
